algorithm,run,seconds
BFS,1,0.558347
BFS,2,0.553318
BFS,3,0.575996
BFS,4,0.566558
BFS,5,0.528679
BFS,6,0.581929
BFS,7,0.553838
DFS,1,0.542985
DFS,2,0.546415
DFS,3,0.552841
DFS,4,0.532411
DFS,5,0.519815
DFS,6,0.531548
DFS,7,0.553333
A*,1,1.01972
A*,2,1.04994
A*,3,1.08182
A*,4,0.981921
A*,5,0.97588
A*,6,0.991568
A*,7,0.985161
Bi-BFS,1,0.767201
Bi-BFS,2,0.788261
Bi-BFS,3,0.834385
Bi-BFS,4,0.725899
Bi-BFS,5,0.756279
Bi-BFS,6,0.728423
Bi-BFS,7,0.804915
UCS,1,0.980931
UCS,2,0.987164
UCS,3,0.980169
UCS,4,0.940926
UCS,5,1.00049
UCS,6,0.979375
UCS,7,0.978194
WA* (w=2),1,1.01304
WA* (w=2),2,1.05153
WA* (w=2),3,0.998351
WA* (w=2),4,0.971638
WA* (w=2),5,0.989022
WA* (w=2),6,1.00499
WA* (w=2),7,1.01321
Greedy,1,0.326531
Greedy,2,0.343823
Greedy,3,0.335222
Greedy,4,0.310436
Greedy,5,0.336737
Greedy,6,0.317137
Greedy,7,0.330635
A* + ALT (k=8),1,0.565278
A* + ALT (k=8),2,0.61937
A* + ALT (k=8),3,0.564176
A* + ALT (k=8),4,0.555317
A* + ALT (k=8),5,0.584654
A* + ALT (k=8),6,0.559209
A* + ALT (k=8),7,0.678544
