bin_start,bin_end,cells
0,665.213,2337
665.213,1330.43,2964
1330.43,1995.64,3518
1995.64,2660.85,1874
2660.85,3326.07,2844
3326.07,3991.28,4348
3991.28,4656.49,4130
4656.49,5321.71,1846
5321.71,5986.92,4280
5986.92,6652.13,3262
6652.13,7317.35,6600
7317.35,7982.56,5620
7982.56,8647.77,3892
8647.77,9312.99,5870
9312.99,9978.2,4510
9978.2,10643.4,2839
10643.4,11308.6,4375
11308.6,11973.8,3640
11973.8,12639.1,6795
12639.1,13304.3,6639
13304.3,13969.5,8843
13969.5,14634.7,7079
14634.7,15299.9,6341
15299.9,15965.1,4214
15965.1,16630.3,6389
16630.3,17295.5,9708
17295.5,17960.8,9074
17960.8,18626,6635
18626,19291.2,6017
19291.2,19956.4,3444
19956.4,20621.6,4067
20621.6,21286.8,3587
21286.8,21952,2188
21952,22617.3,2145
22617.3,23282.5,1995
23282.5,23947.7,1744
23947.7,24612.9,2164
24612.9,25278.1,2048
25278.1,25943.3,2350
25943.3,26608.5,2496
26608.5,27273.7,2829
27273.7,27939,2001
27939,28604.2,1660
28604.2,29269.4,2032
29269.4,29934.6,1990
29934.6,30599.8,2266
30599.8,31265,1498
31265,31930.2,3778
31930.2,32595.5,2144
32595.5,33260.7,1890
33260.7,33925.9,1834
33925.9,34591.1,3034
34591.1,35256.3,5906
35256.3,35921.5,4963
35921.5,36586.7,3171
36586.7,37251.9,3262
37251.9,37917.2,3187
37917.2,38582.4,3495
38582.4,39247.6,5619
39247.6,39912.8,6895
39912.8,40578,4946
40578,41243.2,5396
41243.2,41908.4,6636
41908.4,42573.7,5434
42573.7,43238.9,5110
43238.9,43904.1,3154
43904.1,44569.3,4381
44569.3,45234.5,2923
45234.5,45899.7,4288
45899.7,46564.9,3380
46564.9,47230.1,1826
47230.1,47895.4,1160
47895.4,48560.6,940
48560.6,49225.8,793
49225.8,49891,787
49891,50556.2,784
50556.2,51221.4,1886
51221.4,51886.6,1112
51886.6,52551.9,1059
52551.9,53217.1,980
53217.1,53882.3,1085
53882.3,54547.5,1521
54547.5,55212.7,1565
55212.7,55877.9,1622
55877.9,56543.1,2153
56543.1,57208.3,1805
57208.3,57873.6,962
57873.6,58538.8,868
58538.8,59204,2368
59204,59869.2,5336
59869.2,60534.4,2628
60534.4,61199.6,1351
61199.6,61864.8,1865
61864.8,62530.1,1094
62530.1,63195.3,1045
63195.3,63860.5,773
63860.5,64525.7,1980
64525.7,65190.9,2394
65190.9,65856.1,2240
65856.1,66521.3,837
66521.3,67186.5,913
67186.5,67851.8,1242
67851.8,68517,5084
68517,69182.2,3004
69182.2,69847.4,1856
69847.4,70512.6,834
70512.6,71177.8,926
71177.8,71843,1035
71843,72508.3,847
72508.3,73173.5,1540
73173.5,73838.7,2798
73838.7,74503.9,2511
74503.9,75169.1,1863
75169.1,75834.3,7112
75834.3,76499.5,11301
76499.5,77164.7,6027
77164.7,77830,5943
77830,78495.2,7004
78495.2,79160.4,3295
79160.4,79825.6,4157
79825.6,80490.8,4649
80490.8,81156,3498
81156,81821.2,4926
81821.2,82486.5,4162
82486.5,83151.7,4213
83151.7,83816.9,7565
83816.9,84482.1,5350
84482.1,85147.3,5425
85147.3,85812.5,2391
85812.5,86477.7,1079
86477.7,87142.9,979
87142.9,87808.2,1742
87808.2,88473.4,1022
88473.4,89138.6,1286
89138.6,89803.8,2684
89803.8,90469,1809
90469,91134.2,4715
91134.2,91799.4,6073
91799.4,92464.7,5715
92464.7,93129.9,3174
93129.9,93795.1,1055
93795.1,94460.3,2271
94460.3,95125.5,3143
95125.5,95790.7,2823
95790.7,96455.9,3718
96455.9,97121.1,1147
97121.1,97786.4,2203
97786.4,98451.6,3613
98451.6,99116.8,3843
99116.8,99782,3802
