distance_low,distance_high,exits,bfs_median,dfs_median,dfs_q1,dfs_q3,dfs_wins_pct
1,2,2,1,10,5.5,14.5,0
2,3,2,2.5,11,6.5,15.5,0
3,4,3,5,21,12,247786,33.3333
4,5,3,7,22,13,247787,33.3333
5,7,6,11.5,23.5,10.25,371671,33.3333
7,9,6,17.5,25.5,12.25,371673,33.3333
9,13,12,26.5,28.5,11.75,495557,41.6667
13,17,12,38.5,32.5,15.75,495561,66.6667
17,23,14,52.5,39.5,36.25,495567,57.1429
23,31,16,67.5,247810,44.75,495574,50
31,42,35,91,495585,57.5,495602,31.4286
42,56,49,132,495598,72,495623,32.6531
56,74,71,193,112,93.5,495652,52.1127
74,99,81,268,495662,133,495698,34.5679
99,133,86,352.5,183.5,162.25,495731,53.4884
133,177,98,446.5,495754,211.25,495778,44.898
177,236,228,606.5,376.5,287.75,495832,60.0877
236,315,246,845.5,495900,429.25,495961,45.935
315,421,358,1148.5,659.5,570.25,496107,50.2793
421,561,490,1570.5,496254,783.25,496376,30.6122
561,748,1170,2398.5,496594,1146.25,499383,30.4274
748,998,1099,3531,496800,1441.5,499660,35.0318
998,1331,1213,4692,497033,1855,497336,34.8722
1331,1775,2892,6734.5,495226,2697.75,498071,32.6418
1775,2367,1696,9039.5,3616.5,3192.75,8250.25,91.6274
2367,3157,2864,11318.5,8882.5,4388.75,9648.25,88.0587
3157,4210,6752,16122.5,10610.5,6332.75,132804,58.8418
4210,5614,5903,22455,134347,12683.5,136252,26.0207
5614,7486,13916,32361.5,139816,136338,143358,18.3099
7486,9982,18589,48607,128334,19939,147822,34.004
9982,13311,24360,70083.5,82029.5,28652.8,153010,33.4975
13311,17749,48612,106572,111694,87733.8,158889,46.6181
17749,23668,33979,147869,103109,73598.5,169904,67.1032
23668,31561,25251,177487,178316,49448.5,184628,55.5067
31561,42084,66873,223549,439943,69286,456661,49.7899
42084,56118,44787,279372,422832,213412,434028,45.7901
56118,74830,52298,327916,248872,235797,365307,71.6337
74830,99783,145926,427023,333148,296667,373287,89.1472
