row,col,distance,manhattan,bfs,dfs,astar,census_bfs,census_dfs,original_exit
125,439,17410,562,126268,92846,121361,126268,92846,False
335,491,18460,824,139064,104432,134853,139064,104432,False
527,448,37095,973,218262,195795,217117,218262,195795,False
997,893,73104,1888,347760,257194,347616,347760,257194,False
537,281,34784,816,203778,68016,202668,203778,68016,False
679,251,39440,928,233005,452680,231471,233005,452680,False
902,47,21301,947,157615,174217,153247,157615,174217,False
999,577,79950,1574,400882,386964,397982,400882,386964,False
107,927,92604,1032,469934,294256,467561,469934,294256,False
927,548,80927,1473,406632,384775,404747,406632,384775,False
234,787,89355,1019,448924,290239,448567,448924,290239,False
939,19,22088,956,160143,175254,157087,160143,175254,False
630,957,76923,1585,377143,351647,374677,377143,351647,False
651,973,76938,1622,377253,350018,374793,377253,350018,False
583,895,83768,1476,428258,271062,423340,428258,271062,False
441,533,27560,972,178606,47668,176373,178606,47668,False
821,788,69135,1607,340704,252461,340684,340704,252461,False
601,72,10219,671,59022,152347,55900,59022,152347,False
575,120,16961,693,120692,166125,113924,120692,166125,False
883,707,66632,1588,330760,247358,330756,330760,247358,False
766,555,64669,1319,326055,417153,325789,326055,417153,False
815,38,41457,851,250299,472279,246855,250299,472279,False
805,778,69083,1581,340582,252405,340552,340582,252405,False
515,328,34291,841,200191,55387,199832,200191,55387,False
787,835,68664,1620,339299,412204,337787,339299,412204,False
811,241,32978,1050,195807,478526,195063,195807,478526,False
615,498,45977,1111,280904,434687,279738,280904,434687,False
463,194,14451,655,95814,160575,92807,95814,160575,False
251,906,99569,1155,499267,317979,498871,499267,317979,False
3,259,8060,260,44273,16196,43087,44273,16196,False
999,999,76360,1996,371598,360416,366588,371598,360416,True
