query,start_r,start_c,goal_r,goal_c,manhattan_s,manhattan_expanded,manhattan_path,alt4_s,alt4_expanded,alt4_path,alt8_s,alt8_expanded,alt8_path,alt16_s,alt16_expanded,alt16_path
0,81,457,383,577,0.325613,137861,15882,0.0465658,15882,15882,0.0548489,15882,15882,0.0699795,15882,15882
1,377,701,542,405,0.631617,239964,53149,0.374935,104413,53149,0.399392,102129,53149,0.262409,53149,53149
2,845,887,605,775,0.437938,172450,21208,0.0865791,27043,21208,0.0929615,21942,21208,0.108043,21942,21208
3,52,641,582,819,0.522761,212303,47632,0.16316,47632,47632,0.185948,47632,47632,0.227548,47632,47632
4,125,26,934,597,1.17165,403354,77520,0.656931,179550,77520,0.563065,137775,77520,0.726461,134834,77520
5,325,951,25,263,1.17194,381013,91784,0.533439,139286,91784,0.582274,138530,91784,0.705128,136842,91784
6,201,998,641,500,0.663625,238287,52670,0.40167,106632,52670,0.466569,104348,52670,0.405645,82112,52670
7,9,477,796,91,0.628114,252566,47137,0.260652,77960,47137,0.287358,77960,47137,0.355945,77353,47137
8,368,305,205,497,0.0602063,28626,6651,0.0197156,6651,6651,0.0243647,6651,6651,0.0298398,6651,6651
9,275,269,847,689,0.846927,338152,74244,0.448992,131862,74244,0.508141,130004,74244,0.638785,126316,74244
10,233,693,41,95,1.08666,388743,91130,0.702435,194114,91130,0.746629,191830,91130,0.455637,91130,91130
11,173,497,517,146,0.365537,156852,26901,0.130309,43339,26901,0.14568,43339,26901,0.18021,42942,26901
12,705,225,886,203,0.123583,56882,9491,0.0307586,10638,9491,0.0350055,10638,9491,0.0442781,10638,9491
13,873,595,909,990,0.117074,49658,6955,0.0459885,16223,6955,0.040103,11999,6955,0.0512506,11999,6955
14,913,378,839,166,0.707319,287295,54558,0.184686,54558,54558,0.213824,54558,54558,0.258821,54558,54558
15,21,577,209,189,0.921821,358327,92488,0.649739,175198,92488,0.671327,172914,92488,0.797019,164760,92488
16,961,819,15,332,1.01228,390022,74241,0.357707,105517,74241,0.394692,105210,74241,0.486917,104523,74241
17,672,981,504,717,0.56502,218963,32256,0.114816,34775,32256,0.131497,34768,32256,0.164564,34768,32256
18,565,3,971,605,1.06015,400548,71628,0.491423,140636,71628,0.421316,109200,71628,0.590553,108522,71628
19,989,412,377,233,0.958305,328118,70825,0.409573,108304,70825,0.294829,70825,70825,0.35017,70825,70825
20,394,689,7,533,1.0601,404811,98699,0.568833,160475,98699,0.627633,159507,98699,0.743263,156421,98699
21,759,353,463,682,0.57542,216338,33395,0.177213,55397,33395,0.196426,51088,33395,0.251248,51088,33395
22,925,811,31,601,1.17729,424336,84252,0.300466,84252,84252,0.345726,84252,84252,0.435855,84252,84252
23,283,445,194,203,0.235806,101597,19183,0.148209,43451,19183,0.149629,43451,19183,0.18442,41072,19183
24,463,827,309,643,1.28905,471736,100006,0.369765,100006,100006,0.403784,100006,100006,0.498623,100006,100006
25,171,260,799,388,1.04875,387355,112922,0.806641,216681,112922,0.702148,168185,112922,0.880135,166753,112922
26,145,742,55,290,1.0312,384519,100256,0.610904,167839,100256,0.707061,166832,100256,0.829865,164230,100256
27,15,484,864,409,0.52447,206937,36706,0.11867,36706,36706,0.130016,36706,36706,0.164838,36706,36706
28,225,748,298,309,1.02939,404296,94924,0.44996,127654,94924,0.50431,127431,94924,0.608821,126781,94924
29,614,211,535,678,0.173385,75983,14978,0.0600868,20589,14978,0.0677684,20589,14978,0.0889622,20370,14978
