fraction,seed,algorithm,path_length,shortest,path_ratio,nodes_expanded,pct_expanded,open_cells,seconds
0,0,BFS,76360,76360,1,371598,74.3197,499999,0.506292
0,0,DFS,76360,76360,1,360416,72.0833,499999,0.533731
0,0,A*,76360,76360,1,366588,73.3177,499999,0.961207
0,0,Bi-BFS,76360,76360,1,400248,80.0498,499999,0.757785
0.001,0,BFS,22500,22500,1,424283,84.8015,500325,0.582705
0.001,0,DFS,50578,22500,2.24791,156115,31.2027,500325,0.213078
0.001,0,A*,22500,22500,1,416983,83.3424,500325,1.11629
0.001,0,Bi-BFS,22500,22500,1,370818,74.1154,500325,0.620978
0.001,1,BFS,22492,22492,1,481609,96.2592,500325,0.649042
0.001,1,DFS,38292,22492,1.70247,103661,20.7187,500325,0.141317
0.001,1,A*,22492,22492,1,472443,94.4272,500325,1.28025
0.001,1,Bi-BFS,22492,22492,1,360073,71.9678,500325,0.605127
0.001,2,BFS,22944,22944,1,472564,94.4514,500325,0.634886
0.001,2,DFS,55978,22944,2.43977,212015,42.3755,500325,0.291755
0.001,2,A*,22944,22944,1,459354,91.8111,500325,1.23215
0.001,2,Bi-BFS,22944,22944,1,410260,81.9987,500325,0.687268
0.005,0,BFS,9382,9382,1,500637,99.8026,501627,0.686746
0.005,0,DFS,21844,9382,2.32829,46835,9.33662,501627,0.0603715
0.005,0,A*,9382,9382,1,488620,97.407,501627,1.39991
0.005,0,Bi-BFS,9382,9382,1,350586,69.8898,501627,0.587379
0.005,1,BFS,11064,11064,1,501172,99.9093,501627,0.668353
0.005,1,DFS,44690,11064,4.03923,115949,23.1146,501627,0.153649
0.005,1,A*,11064,11064,1,500819,99.8389,501627,1.42058
0.005,1,Bi-BFS,11064,11064,1,335370,66.8564,501627,0.552029
0.005,2,BFS,10252,10252,1,501516,99.9779,501627,0.690444
0.005,2,DFS,16156,10252,1.57589,30595,6.09915,501627,0.0405011
0.005,2,A*,10252,10252,1,495237,98.7261,501627,1.42595
0.005,2,Bi-BFS,10252,10252,1,385865,76.9227,501627,0.67353
0.01,0,BFS,5920,5920,1,496379,98.6337,503255,0.6821
0.01,0,DFS,27866,5920,4.70709,60720,12.0655,503255,0.0826413
0.01,0,A*,5920,5920,1,475892,94.5628,503255,1.38915
0.01,0,Bi-BFS,5920,5920,1,303446,60.2967,503255,0.477766
0.01,1,BFS,6780,6780,1,502852,99.9199,503255,0.71152
0.01,1,DFS,16674,6780,2.45929,37136,7.37916,503255,0.0455229
0.01,1,A*,6780,6780,1,495945,98.5475,503255,1.54681
0.01,1,Bi-BFS,6780,6780,1,324377,64.4558,503255,0.54881
0.01,2,BFS,7028,7028,1,503246,99.9982,503255,0.707857
0.01,2,DFS,24928,7028,3.54696,473966,94.1801,503255,0.725247
0.01,2,A*,7028,7028,1,503209,99.9909,503255,1.46236
0.01,2,Bi-BFS,7028,7028,1,371148,73.7495,503255,0.588947
0.02,0,BFS,4582,4582,1,506207,99.94,506511,0.663991
0.02,0,DFS,17632,4582,3.8481,32896,6.49463,506511,0.0419049
0.02,0,A*,4582,4582,1,505485,99.7974,506511,1.50058
0.02,0,Bi-BFS,4582,4582,1,353966,69.8832,506511,0.573416
0.02,1,BFS,4638,4638,1,506455,99.9889,506511,0.682177
0.02,1,DFS,14804,4638,3.19189,33421,6.59828,506511,0.0427625
0.02,1,A*,4638,4638,1,506018,99.9027,506511,1.53456
0.02,1,Bi-BFS,4638,4638,1,383882,75.7895,506511,0.630605
0.02,2,BFS,4622,4622,1,506502,99.9982,506511,0.668373
0.02,2,DFS,18066,4622,3.9087,495962,97.9173,506511,0.693023
0.02,2,A*,4622,4622,1,506341,99.9664,506511,1.49779
0.02,2,Bi-BFS,4622,4622,1,385202,76.0501,506511,0.62643
0.05,0,BFS,2986,2986,1,516270,99.9981,516280,0.711012
0.05,0,DFS,17604,2986,5.89551,31336,6.06957,516280,0.0423529
0.05,0,A*,2986,2986,1,509726,98.7305,516280,1.61503
0.05,0,Bi-BFS,2986,2986,1,389494,75.4424,516280,0.639443
0.05,1,BFS,3024,3024,1,516275,99.999,516280,0.682991
0.05,1,DFS,18726,3024,6.19246,36191,7.00996,516280,0.0472807
0.05,1,A*,3024,3024,1,504029,97.6271,516280,1.5895
0.05,1,Bi-BFS,3024,3024,1,399232,77.3286,516280,0.677782
0.05,2,BFS,3070,3070,1,516268,99.9977,516280,0.713862
0.05,2,DFS,52316,3070,17.041,109571,21.2232,516280,0.153015
0.05,2,A*,3070,3070,1,515869,99.9204,516280,1.65831
0.05,2,Bi-BFS,3070,3070,1,396376,76.7754,516280,0.686239
0.1,0,BFS,2348,2348,1,532540,99.9962,532560,0.749783
0.1,0,DFS,13796,2348,5.87564,526462,98.855,532560,0.859951
0.1,0,A*,2348,2348,1,394079,73.9971,532560,1.37323
0.1,0,Bi-BFS,2348,2348,1,406262,76.2847,532560,0.678635
0.1,1,BFS,2356,2356,1,532555,99.9991,532560,0.735645
0.1,1,DFS,17358,2356,7.36757,30559,5.73813,532560,0.0402029
0.1,1,A*,2356,2356,1,418135,78.5142,532560,1.45027
0.1,1,Bi-BFS,2356,2356,1,405156,76.0771,532560,0.665844
0.1,2,BFS,2398,2398,1,532469,99.9829,532560,0.785065
0.1,2,DFS,48578,2398,20.2577,88039,16.5313,532560,0.127684
0.1,2,A*,2398,2398,1,454408,85.3252,532560,1.63227
0.1,2,Bi-BFS,2398,2398,1,423934,79.603,532560,0.775142
0.2,0,BFS,2028,2028,1,565108,99.9977,565121,0.802007
0.2,0,DFS,24230,2028,11.9477,554345,98.0932,565121,0.928333
0.2,0,A*,2028,2028,1,114765,20.308,565121,0.366721
0.2,0,Bi-BFS,2028,2028,1,449438,79.5295,565121,0.768033
0.2,1,BFS,2058,2058,1,565116,99.9991,565121,0.81275
0.2,1,DFS,23118,2058,11.2332,36596,6.47578,565121,0.0490485
0.2,1,A*,2058,2058,1,251070,44.4277,565121,0.928148
0.2,1,Bi-BFS,2058,2058,1,452860,80.1351,565121,0.762306
0.2,2,BFS,2040,2040,1,565112,99.9984,565121,0.786195
0.2,2,DFS,19880,2040,9.7451,31869,5.63932,565121,0.0432093
0.2,2,A*,2040,2040,1,161480,28.5744,565121,0.569322
0.2,2,Bi-BFS,2040,2040,1,459038,81.2283,565121,0.772487
