order,nodes_expanded,peak_frontier,south_before_north,submitted
S-E-W-N,150526,1239,True,False
S-E-N-W,154018,1257,True,False
S-N-E-W,155982,1275,True,False
S-W-E-N,214622,1400,True,False
W-S-E-N,215940,1412,True,False
S-W-N-E,216586,1420,True,False
W-S-N-E,217904,1432,True,False
S-N-W-E,220078,1437,True,False
N-S-E-W,236832,1626,False,False
E-S-W-N,274110,1220,True,False
E-W-S-N,275428,1225,True,False
E-S-N-W,277602,1238,True,False
W-N-S-E,298754,1619,False,False
N-S-W-E,300928,1617,False,False
N-W-S-E,302246,1649,False,False
W-E-S-N,339524,1395,True,False
E-W-N-S,356278,1595,False,False
E-N-S-W,358452,1598,False,False
E-N-W-S,359770,1627,False,False
N-E-S-W,360416,1622,False,True
N-E-W-S,361734,1651,False,False
W-E-N-S,420374,1585,False,False
W-N-E-S,422338,1612,False,False
N-W-E-S,425830,1642,False,False
