position,h_true,manhattan,alt8
0,76360,1996,74100
191,76169,1947,73909
382,75978,1886,73718
574,75786,1950,73526
765,75595,1895,73335
956,75404,1908,73144
1148,75212,1864,72952
1339,75021,1827,72761
1531,74829,1767,72569
1722,74638,1782,72378
1913,74447,1825,72187
2105,74255,1779,71995
2296,74064,1796,71884
2487,73873,1819,72075
2679,73681,1845,72267
2870,73490,1822,72458
3062,73298,1850,72650
3253,73107,1853,72841
3444,72916,1780,72916
3636,72724,1748,72724
3827,72533,1731,72533
4018,72342,1698,72342
4210,72150,1686,72150
4401,71959,1639,71959
4593,71767,1615,71767
4784,71576,1572,71576
4975,71385,1603,71385
5167,71193,1629,71193
5358,71002,1578,71002
5549,70811,1511,70811
5741,70619,1487,70619
5932,70428,1468,70428
6124,70236,1504,70236
6315,70045,1555,70045
6506,69854,1530,69854
6698,69662,1574,69662
6889,69471,1591,69471
7081,69279,1627,69279
7272,69088,1608,69088
7463,68897,1569,68897
7655,68705,1493,68705
7846,68514,1478,68514
8037,68323,1445,68323
8229,68131,1495,68131
8420,67940,1452,67940
8612,67748,1436,67748
8803,67557,1417,67557
8994,67366,1390,67366
9186,67174,1374,67174
9377,66983,1331,66983
9568,66792,1256,66792
9760,66600,1272,66600
9951,66409,1313,66409
10143,66217,1319,66217
10334,66026,1338,66026
10525,65835,1349,65835
10717,65643,1379,65643
10908,65452,1388,65452
11099,65261,1351,65261
11291,65069,1393,65069
11482,64878,1426,64878
11674,64686,1418,64686
11865,64495,1447,64495
12056,64304,1504,64304
12248,64112,1532,64112
12439,63921,1585,63921
12630,63730,1538,63730
12822,63538,1510,63538
13013,63347,1475,63347
13205,63155,1503,63155
13396,62964,1452,62964
13587,62773,1463,62773
13779,62581,1427,62581
13970,62390,1450,62390
14162,62198,1386,62198
14353,62007,1383,62007
14544,61816,1316,61816
14736,61624,1296,61624
14927,61433,1263,61433
15118,61242,1250,61242
15310,61050,1274,61050
15501,60859,1307,60859
15693,60667,1333,60667
15884,60476,1380,60476
16075,60285,1363,60285
16267,60093,1323,60093
16458,59902,1294,59902
16649,59711,1323,59711
16841,59519,1345,59519
17032,59328,1288,59328
17224,59136,1240,59136
17415,58945,1229,58945
17606,58754,1250,58754
17798,58562,1286,58562
17989,58371,1353,58371
18180,58180,1376,58180
18372,57988,1352,57988
18563,57797,1301,57797
18755,57605,1317,57605
18946,57414,1278,57414
19137,57223,1239,57223
19329,57031,1275,57031
19520,56840,1232,56840
19711,56649,1201,56649
19903,56457,1187,56457
20094,56266,1166,56266
20286,56074,1226,56074
20477,55883,1185,55883
20668,55692,1152,55692
20860,55500,1164,55500
21051,55309,1111,55309
21243,55117,1089,55117
21434,54926,1038,54926
21625,54735,1073,54735
21817,54543,1103,54543
22008,54352,1056,54352
22199,54161,1021,54161
22391,53969,975,53969
22582,53778,1002,53778
22774,53586,954,53586
22965,53395,947,53395
23156,53204,1004,53204
23348,53012,952,53012
23539,52821,925,52821
23730,52630,922,52630
23922,52438,922,52438
24113,52247,951,52247
24305,52055,923,52055
24496,51864,920,51864
24687,51673,871,51673
24879,51481,885,51481
25070,51290,894,51290
25261,51099,891,51099
25453,50907,839,50907
25644,50716,804,50716
25836,50524,784,50524
26027,50333,781,50333
26218,50142,866,50142
26410,49950,874,49950
26601,49759,933,49759
26792,49568,968,49568
26984,49376,936,49376
27175,49185,959,49185
27367,48993,937,48993
27558,48802,902,48802
27749,48611,859,48611
27941,48419,823,48419
28132,48228,768,48228
28324,48036,796,48036
28515,47845,751,47845
28706,47654,710,47654
28898,47462,770,47462
29089,47271,713,47271
29280,47080,696,47080
29472,46888,724,46888
29663,46697,745,46697
29855,46505,791,46505
30046,46314,834,46314
30237,46123,851,46123
30429,45931,869,45931
30620,45740,824,45740
30811,45549,793,45549
31003,45357,797,45357
31194,45166,766,45166
31386,44974,726,44974
31577,44783,733,44783
31768,44592,752,44592
31960,44400,804,44400
32151,44209,847,44209
32342,44018,910,44018
32534,43826,946,43826
32725,43635,951,43635
32917,43443,953,43443
33108,43252,940,43252
33299,43061,947,43061
33491,42869,941,42869
33682,42678,926,42678
33873,42487,945,42487
34065,42295,1003,42295
34256,42104,1072,42104
34448,41912,1024,41912
34639,41721,983,41721
34830,41530,966,41530
35022,41338,966,41338
35213,41147,1013,41147
35405,40955,961,40955
35596,40764,904,40764
35787,40573,907,40573
35979,40381,913,40381
36170,40190,938,40190
36361,39999,963,39999
36553,39807,939,39807
36744,39616,1008,39616
36936,39424,976,39424
37127,39233,1001,39233
37318,39042,966,39042
37510,38850,950,38850
37701,38659,893,38659
37892,38468,844,38468
38084,38276,792,38276
38275,38085,821,38085
38467,37893,845,37893
38658,37702,870,37702
38849,37511,909,37511
39041,37319,937,37319
39232,37128,964,37128
39423,36937,929,36937
39615,36745,887,36745
39806,36554,862,36554
39998,36362,814,36362
40189,36171,799,36171
40380,35980,832,35980
40572,35788,852,35788
40763,35597,829,35597
40954,35406,774,35406
41146,35214,786,35214
41337,35023,777,35023
41529,34831,833,34831
41720,34640,912,34640
41911,34449,945,34449
42103,34257,909,34257
42294,34066,846,34066
42486,33874,870,33874
42677,33683,925,33683
42868,33492,908,33492
43060,33300,864,33300
43251,33109,879,33109
43442,32918,854,32918
43634,32726,838,32726
43825,32535,751,32535
44017,32343,805,32343
44208,32152,808,32152
44399,31961,779,31961
44591,31769,733,31769
44782,31578,766,31578
44973,31387,757,31387
45165,31195,823,31195
45356,31004,788,31004
45548,30812,816,30812
45739,30621,843,30621
45930,30430,882,30430
46122,30238,822,30238
46313,30047,819,30047
46504,29856,796,29856
46696,29664,772,29664
46887,29473,737,29473
47079,29281,699,29281
47270,29090,726,29090
47461,28899,675,28899
47653,28707,705,28707
47844,28516,632,28516
48035,28325,663,28325
48227,28133,639,28133
48418,27942,618,27942
48610,27750,586,27750
48801,27559,515,27559
48992,27368,464,27368
49184,27176,464,27176
49375,26985,403,26985
49567,26793,387,26793
49758,26602,382,26602
49949,26411,367,26411
50141,26219,323,26219
50332,26028,300,26028
50523,25837,319,25837
50715,25645,365,25645
50906,25454,350,25454
51098,25262,330,25262
51289,25071,319,25071
51480,24880,300,24880
51672,24688,364,24688
51863,24497,399,24497
52054,24306,390,24306
52246,24114,418,24114
52437,23923,469,23923
52629,23731,451,23731
52820,23540,496,23540
53011,23349,499,23349
53203,23157,539,23157
53394,22966,526,22966
53585,22775,509,22775
53777,22583,463,22583
53968,22392,432,22392
54160,22200,416,22200
54351,22009,445,22009
54542,21818,458,21818
54734,21626,506,21626
54925,21435,493,21435
55116,21244,552,21244
55308,21052,548,21052
55499,20861,631,20861
55691,20669,591,20669
55882,20478,626,20478
56073,20287,703,20287
56265,20095,701,20095
56456,19904,688,19904
56648,19712,684,19712
56839,19521,603,19521
57030,19330,626,19330
57222,19138,574,19138
57413,18947,495,18947
57604,18756,544,18756
57796,18564,564,18564
57987,18373,627,18373
58179,18181,659,18181
58370,17990,690,17990
58561,17799,727,17799
58753,17607,733,17607
58944,17416,752,17416
59135,17225,773,17225
59327,17033,721,17033
59518,16842,718,16842
59710,16650,790,16650
59901,16459,789,16459
60092,16268,732,16268
60284,16076,748,16076
60475,15885,789,15885
60666,15694,762,15694
60858,15502,790,15502
61049,15311,825,15311
61241,15119,853,15119
61432,14928,920,14928
61623,14737,913,14737
61815,14545,901,14545
62006,14354,870,14354
62197,14163,863,14163
62389,13971,795,13971
62580,13780,844,13780
62772,13588,788,13588
62963,13397,745,13397
63154,13206,658,13206
63346,13014,670,13014
63537,12823,603,12823
63729,12631,613,12631
63920,12440,640,12440
64111,12249,715,12249
64303,12057,693,12057
64494,11866,634,11866
64685,11675,597,11675
64877,11483,585,11483
65068,11292,580,11292
65260,11100,532,11100
65451,10909,475,10909
65642,10718,442,10718
65834,10526,402,10526
66025,10335,365,10335
66216,10144,404,10144
66408,9952,424,9952
66599,9761,411,9761
66791,9569,401,9569
66982,9378,338,9378
67173,9187,361,9187
67365,8995,421,8995
67556,8804,408,8804
67747,8613,455,8613
67939,8421,467,8421
68130,8230,422,8230
68322,8038,402,8038
68513,7847,353,7847
68704,7656,336,7656
68896,7464,356,7464
69087,7273,413,7273
69278,7082,382,7082
69470,6890,270,6890
69661,6699,251,6699
69853,6507,223,6507
70044,6316,268,6316
70235,6125,275,6125
70427,5933,227,5933
70618,5742,186,5742
70810,5550,186,5550
71001,5359,145,5359
71192,5168,144,5168
71384,4976,156,4976
71575,4785,205,4785
71766,4594,174,4594
71958,4402,150,4402
72149,4211,179,4211
72341,4019,149,4019
72532,3828,204,3828
72723,3637,179,3637
72915,3445,169,3445
73106,3254,106,3254
73297,3063,103,3063
73489,2871,87,2871
73680,2680,112,2680
73872,2488,192,2488
74063,2297,223,2297
74254,2106,254,2106
74446,1914,258,1914
74637,1723,223,1723
74828,1532,212,1532
75020,1340,200,1340
75211,1149,233,1149
75403,957,169,957
75594,766,94,766
75785,575,55,575
75977,383,61,383
76168,192,44,192
76360,0,0,0
