generator,size,seed,open_cells,dead_ends,shortest,manhattan,tortuosity,algorithm,nodes_expanded,path_length,seconds
backtracker,51,0,1249,70,380,96,3.95833,BFS,1115,380,0.00163339
backtracker,51,0,1249,70,380,96,3.95833,DFS,794,380,0.0013929
backtracker,51,0,1249,70,380,96,3.95833,A*,1096,380,0.00275691
backtracker,51,1,1249,67,360,96,3.75,BFS,607,360,0.000905003
backtracker,51,1,1249,67,360,96,3.75,DFS,658,360,0.00103404
backtracker,51,1,1249,67,360,96,3.75,A*,579,360,0.00159902
backtracker,101,0,4999,250,1832,196,9.34694,BFS,4182,1832,0.00714196
backtracker,101,0,4999,250,1832,196,9.34694,DFS,3152,1832,0.00558195
backtracker,101,0,4999,250,1832,196,9.34694,A*,4165,1832,0.0126021
backtracker,101,1,4999,260,836,196,4.26531,BFS,3162,836,0.00305592
backtracker,101,1,4999,260,836,196,4.26531,DFS,4398,836,0.00506608
backtracker,101,1,4999,260,836,196,4.26531,A*,2912,836,0.0054098
backtracker,201,0,19999,998,2420,396,6.11111,BFS,6563,2420,0.00666526
backtracker,201,0,19999,998,2420,396,6.11111,DFS,4352,2420,0.00463785
backtracker,201,0,19999,998,2420,396,6.11111,A*,5875,2420,0.00979116
backtracker,201,1,19999,964,5928,396,14.9697,BFS,13401,5928,0.0140843
backtracker,201,1,19999,964,5928,396,14.9697,DFS,15576,5928,0.0161052
backtracker,201,1,19999,964,5928,396,14.9697,A*,13332,5928,0.0232169
backtracker,401,0,79999,3956,20732,796,26.0452,BFS,78805,20732,0.0989561
backtracker,401,0,79999,3956,20732,796,26.0452,DFS,47594,20732,0.062365
backtracker,401,0,79999,3956,20732,796,26.0452,A*,78446,20732,0.17537
backtracker,401,1,79999,3977,9772,796,12.2764,BFS,60233,9772,0.115587
backtracker,401,1,79999,3977,9772,796,12.2764,DFS,48664,9772,0.0630551
backtracker,401,1,79999,3977,9772,796,12.2764,A*,58896,9772,0.124802
backtracker,601,0,179999,8916,33840,1196,28.2943,BFS,177545,33840,0.240218
backtracker,601,0,179999,8916,33840,1196,28.2943,DFS,80076,33840,0.112075
backtracker,601,0,179999,8916,33840,1196,28.2943,A*,177102,33840,0.432613
backtracker,601,1,179999,8978,12424,1196,10.388,BFS,57916,12424,0.0774265
backtracker,601,1,179999,8978,12424,1196,10.388,DFS,143494,12424,0.189663
backtracker,601,1,179999,8978,12424,1196,10.388,A*,54783,12424,0.112835
backtracker,801,0,319999,15964,23160,1596,14.5113,BFS,187974,23160,0.240455
backtracker,801,0,319999,15964,23160,1596,14.5113,DFS,306486,23160,0.495963
backtracker,801,0,319999,15964,23160,1596,14.5113,A*,180935,23160,0.453345
backtracker,801,1,319999,15861,23068,1596,14.4536,BFS,111407,23068,0.141536
backtracker,801,1,319999,15861,23068,1596,14.4536,DFS,241254,23068,0.325137
backtracker,801,1,319999,15861,23068,1596,14.4536,A*,108799,23068,0.244284
backtracker,1001,0,499999,24881,76360,1996,38.2565,BFS,371598,76360,0.51751
backtracker,1001,0,499999,24881,76360,1996,38.2565,DFS,360416,76360,0.519587
backtracker,1001,0,499999,24881,76360,1996,38.2565,A*,366588,76360,1.07188
backtracker,1001,1,499999,24910,72272,1996,36.2084,BFS,357920,72272,0.559009
backtracker,1001,1,499999,24910,72272,1996,36.2084,DFS,306922,72272,0.475075
backtracker,1001,1,499999,24910,72272,1996,36.2084,A*,357787,72272,1.02713
prim,51,0,1249,219,100,96,1.04167,BFS,1214,100,0.00747914
prim,51,0,1249,219,100,96,1.04167,DFS,374,100,0.000440731
prim,51,0,1249,219,100,96,1.04167,A*,202,100,0.00036976
prim,51,1,1249,231,96,96,1,BFS,1214,96,0.00108195
prim,51,1,1249,231,96,96,1,DFS,476,96,0.000441671
prim,51,1,1249,231,96,96,1,A*,256,96,0.000461134
prim,101,0,4999,888,200,196,1.02041,BFS,4974,200,0.00565673
prim,101,0,4999,888,200,196,1.02041,DFS,1840,200,0.00203277
prim,101,0,4999,888,200,196,1.02041,A*,581,200,0.00113178
prim,101,1,4999,874,216,196,1.10204,BFS,4985,216,0.00523583
prim,101,1,4999,874,216,196,1.10204,DFS,1492,216,0.00146145
prim,101,1,4999,874,216,196,1.10204,A*,1727,216,0.00303507
prim,201,0,19999,3529,452,396,1.14141,BFS,19992,452,0.0206461
prim,201,0,19999,3529,452,396,1.14141,DFS,8014,452,0.008611
prim,201,0,19999,3529,452,396,1.14141,A*,6047,452,0.011753
prim,201,1,19999,3531,468,396,1.18182,BFS,19646,468,0.0190096
prim,201,1,19999,3531,468,396,1.18182,DFS,3896,468,0.00416277
prim,201,1,19999,3531,468,396,1.18182,A*,5864,468,0.0114368
prim,401,0,79999,14271,920,796,1.15578,BFS,79989,920,0.0939316
prim,401,0,79999,14271,920,796,1.15578,DFS,30272,920,0.0345851
prim,401,0,79999,14271,920,796,1.15578,A*,40250,920,0.0952078
prim,401,1,79999,14242,896,796,1.12563,BFS,78208,896,0.0903823
prim,401,1,79999,14242,896,796,1.12563,DFS,22622,896,0.0268646
prim,401,1,79999,14242,896,796,1.12563,A*,22304,896,0.0562377
prim,601,0,179999,32300,1364,1196,1.14047,BFS,179690,1364,0.235614
prim,601,0,179999,32300,1364,1196,1.14047,DFS,66448,1364,0.078197
prim,601,0,179999,32300,1364,1196,1.14047,A*,51072,1364,0.132187
prim,601,1,179999,32203,1456,1196,1.21739,BFS,156144,1456,0.189699
prim,601,1,179999,32203,1456,1196,1.21739,DFS,36156,1456,0.0435389
prim,601,1,179999,32203,1456,1196,1.21739,A*,42671,1456,0.101062
prim,801,0,319999,57256,1776,1596,1.11278,BFS,319924,1776,0.582255
prim,801,0,319999,57256,1776,1596,1.11278,DFS,142844,1776,0.187191
prim,801,0,319999,57256,1776,1596,1.11278,A*,99603,1776,0.293098
prim,801,1,319999,57126,1796,1596,1.12531,BFS,315864,1796,0.423999
prim,801,1,319999,57126,1796,1596,1.12531,DFS,81926,1796,0.106188
prim,801,1,319999,57126,1796,1596,1.12531,A*,98907,1796,0.280144
prim,1001,0,499999,89550,2232,1996,1.11824,BFS,499998,2232,0.72589
prim,1001,0,499999,89550,2232,1996,1.11824,DFS,216514,2232,0.285068
prim,1001,0,499999,89550,2232,1996,1.11824,A*,225835,2232,0.765686
prim,1001,1,499999,89296,2732,1996,1.36874,BFS,406910,2732,0.581929
prim,1001,1,499999,89296,2732,1996,1.36874,DFS,48710,2732,0.0645505
prim,1001,1,499999,89296,2732,1996,1.36874,A*,131611,2732,0.365972
binary_tree,51,0,1249,159,96,96,1,BFS,764,96,0.00107368
binary_tree,51,0,1249,159,96,96,1,DFS,96,96,0.000123161
binary_tree,51,0,1249,159,96,96,1,A*,96,96,0.000181825
binary_tree,51,1,1249,166,96,96,1,BFS,746,96,0.000775614
binary_tree,51,1,1249,166,96,96,1,DFS,96,96,9.9997e-05
binary_tree,51,1,1249,166,96,96,1,A*,96,96,0.000172054
binary_tree,101,0,4999,628,196,196,1,BFS,3174,196,0.00312048
binary_tree,101,0,4999,628,196,196,1,DFS,196,196,0.000197781
binary_tree,101,0,4999,628,196,196,1,A*,196,196,0.00048178
binary_tree,101,1,4999,610,196,196,1,BFS,3238,196,0.00304795
binary_tree,101,1,4999,610,196,196,1,DFS,196,196,0.000194958
binary_tree,101,1,4999,610,196,196,1,A*,196,196,0.000366677
binary_tree,201,0,19999,2504,396,396,1,BFS,13444,396,0.0137306
binary_tree,201,0,19999,2504,396,396,1,DFS,396,396,0.00040496
binary_tree,201,0,19999,2504,396,396,1,A*,396,396,0.000775547
binary_tree,201,1,19999,2492,396,396,1,BFS,13104,396,0.0129416
binary_tree,201,1,19999,2492,396,396,1,DFS,396,396,0.00145154
binary_tree,201,1,19999,2492,396,396,1,A*,396,396,0.00082311
binary_tree,401,0,79999,9977,796,796,1,BFS,54014,796,0.0604989
binary_tree,401,0,79999,9977,796,796,1,DFS,796,796,0.00114692
binary_tree,401,0,79999,9977,796,796,1,A*,796,796,0.00171324
binary_tree,401,1,79999,9970,796,796,1,BFS,53208,796,0.0621208
binary_tree,401,1,79999,9970,796,796,1,DFS,796,796,0.00104004
binary_tree,401,1,79999,9970,796,796,1,A*,796,796,0.0019424
binary_tree,601,0,179999,22511,1196,1196,1,BFS,121852,1196,0.145354
binary_tree,601,0,179999,22511,1196,1196,1,DFS,1196,1196,0.00179822
binary_tree,601,0,179999,22511,1196,1196,1,A*,1196,1196,0.00278975
binary_tree,601,1,179999,22401,1196,1196,1,BFS,120318,1196,0.147304
binary_tree,601,1,179999,22401,1196,1196,1,DFS,1196,1196,0.00238369
binary_tree,601,1,179999,22401,1196,1196,1,A*,1196,1196,0.00257161
binary_tree,801,0,319999,40070,1596,1596,1,BFS,212900,1596,0.266324
binary_tree,801,0,319999,40070,1596,1596,1,DFS,1596,1596,0.00242148
binary_tree,801,0,319999,40070,1596,1596,1,A*,1596,1596,0.0035639
binary_tree,801,1,319999,39884,1596,1596,1,BFS,215912,1596,0.271444
binary_tree,801,1,319999,39884,1596,1596,1,DFS,1596,1596,0.0024308
binary_tree,801,1,319999,39884,1596,1596,1,A*,1596,1596,0.00355935
binary_tree,1001,0,499999,62357,1996,1996,1,BFS,330372,1996,0.433589
binary_tree,1001,0,499999,62357,1996,1996,1,DFS,1996,1996,0.00330141
binary_tree,1001,0,499999,62357,1996,1996,1,A*,1996,1996,0.00475708
binary_tree,1001,1,499999,62498,1996,1996,1,BFS,336172,1996,0.466122
binary_tree,1001,1,499999,62498,1996,1996,1,DFS,1996,1996,0.00345401
binary_tree,1001,1,499999,62498,1996,1996,1,A*,1996,1996,0.00459958
